epoch,acc,char_acc,len_acc,loss,top3_acc,val_acc,val_char_acc,val_len_acc,val_loss,val_top3_acc
0,0.746035099029541,0.9318267107009888,0.8675018548965454,0.4610265791416168,0.9634636640548706,0.785231351852417,0.9392127990722656,0.873046875,0.443036824464798,0.9668044447898865
1,0.7750281691551208,0.9426159262657166,0.881958544254303,0.379075825214386,0.9690019488334656,0.8052133321762085,0.9467698931694031,0.8920522928237915,0.3786565959453583,0.970898449420929
2,0.7998545169830322,0.9480772018432617,0.8962416052818298,0.3348142206668854,0.9730583429336548,0.8200871348381042,0.9514572620391846,0.910081148147583,0.33361467719078064,0.9739933609962463
3,0.8155733942985535,0.9520711302757263,0.9086477756500244,0.3129304349422455,0.9752472639083862,0.8359375,0.9554762840270996,0.9234524965286255,0.302531361579895,0.9756986498832703
4,0.8229917883872986,0.9552274942398071,0.9174690246582031,0.29596686363220215,0.9770858883857727,0.8439753651618958,0.958128035068512,0.9295372366905212,0.28398817777633667,0.9774565100669861
5,0.8228509426116943,0.9559450149536133,0.91792893409729,0.29060372710227966,0.9774587154388428,0.8488581776618958,0.9605093002319336,0.9324669241905212,0.27358365058898926,0.9782377481460571
6,0.8321462273597717,0.9571645855903625,0.9191113114356995,0.28121617436408997,0.978463888168335,0.8527644276618958,0.9612154960632324,0.9314903616905212,0.2672385275363922,0.9779672622680664
7,0.8372278809547424,0.9579391479492188,0.9201999306678772,0.27694618701934814,0.9790982604026794,0.8566706776618958,0.9617037177085876,0.9344200491905212,0.2628020644187927,0.9790864586830139
8,0.8361392617225647,0.9584744572639465,0.9229776859283447,0.27270326018333435,0.9795593023300171,0.8625300526618958,0.9623647332191467,0.9351712465286255,0.25933557748794556,0.9792592525482178
9,0.8407657146453857,0.9598468542098999,0.9245730042457581,0.2702803909778595,0.9800139665603638,0.8635066151618958,0.9630483388900757,0.9361478090286255,0.2571304738521576,0.9794545769691467
10,0.8442989587783813,0.96026611328125,0.9257882833480835,0.26490160822868347,0.9804623126983643,0.8644831776618958,0.9630483984947205,0.9351712465286255,0.25474634766578674,0.9800405502319336
11,0.8427834510803223,0.960308313369751,0.9262434244155884,0.2612190842628479,0.9809889793395996,0.8635066151618958,0.9628530144691467,0.9341946840286255,0.25368744134902954,0.9804311990737915
12,0.8459553122520447,0.9604012370109558,0.9246809482574463,0.26110443472862244,0.9808642864227295,0.8644831776618958,0.9632662534713745,0.9373497366905212,0.252611368894577,0.9805288314819336
13,0.8485454320907593,0.9617516994476318,0.9292136430740356,0.25790470838546753,0.9813286662101746,0.8644831776618958,0.963123619556427,0.9373497366905212,0.25147196650505066,0.9808969497680664
14,0.8498075604438782,0.9629128575325012,0.9278716444969177,0.25292161107063293,0.982458770275116,0.8654597401618958,0.9635366797447205,0.9383262991905212,0.2510955035686493,0.9808744192123413
15,0.855349063873291,0.9635714888572693,0.9312969446182251,0.25054556131362915,0.9825061559677124,0.8654597401618958,0.9631235599517822,0.9383262991905212,0.2501859962940216,0.9809495210647583
16,0.845767617225647,0.9615092873573303,0.9290869235992432,0.25296151638031006,0.982512354850769,0.8664363026618958,0.9628305435180664,0.9353966116905212,0.24950872361660004,0.9810472130775452
17,0.8546686768531799,0.9635340571403503,0.9317520260810852,0.24618053436279297,0.9827740788459778,0.8683894276618958,0.9633414149284363,0.9353966116905212,0.2489585429430008,0.9811448454856873
18,0.8532657027244568,0.9634703993797302,0.9329063296318054,0.24672186374664307,0.9827998876571655,0.8705679178237915,0.9634615778923035,0.9334434866905212,0.24815987050533295,0.9815354943275452
19,0.8556634783744812,0.963405191898346,0.9305696487426758,0.24666790664196014,0.9834403395652771,0.8705679178237915,0.9638295769691467,0.9351712465286255,0.2479201853275299,0.9813627600669861
20,0.8591356873512268,0.9647530317306519,0.9355573654174805,0.2427622228860855,0.9834922552108765,0.8705679178237915,0.9643178582191467,0.9381009340286255,0.24711669981479645,0.9812424778938293
21,0.8561373949050903,0.9645227193832397,0.9331269264221191,0.24120379984378815,0.9838429689407349,0.8734976053237915,0.9644155502319336,0.9361478090286255,0.24682125449180603,0.9817533493041992
22,0.8564376831054688,0.9642297625541687,0.93355393409729,0.2410559058189392,0.9837247133255005,0.8715444803237915,0.9639272689819336,0.9341946840286255,0.246566504240036,0.9809494614601135
23,0.859389066696167,0.9651196002960205,0.9330330491065979,0.2364465296268463,0.9846668839454651,0.8715444803237915,0.9641225934028625,0.9341946840286255,0.24622076749801636,0.9811674356460571
24,0.8633351922035217,0.9652629494667053,0.9366788864135742,0.23804625868797302,0.984136700630188,0.8695913553237915,0.9640249013900757,0.9341946840286255,0.24665763974189758,0.9816556572914124
25,0.8631146550178528,0.9658346176147461,0.9388090968132019,0.23578307032585144,0.9842976331710815,0.8705679178237915,0.9642201662063599,0.9341946840286255,0.24579933285713196,0.9811673760414124
26,0.8635228276252747,0.9662282466888428,0.9366929531097412,0.23297981917858124,0.984027624130249,0.8715444803237915,0.9644155502319336,0.9351712465286255,0.2456737458705902,0.9814603924751282
27,0.8626877069473267,0.965291440486908,0.9360781908035278,0.2346494346857071,0.985089898109436,0.8695913553237915,0.9640249609947205,0.9361478090286255,0.24459947645664215,0.9821439981460571
28,0.8600365519523621,0.9657747149467468,0.9385886192321777,0.23345224559307098,0.9850915670394897,0.8705679178237915,0.9646108746528625,0.9341946840286255,0.244796022772789,0.9819486737251282
29,0.8636496067047119,0.9657723307609558,0.9370402097702026,0.2325247824192047,0.9843317866325378,0.8695913553237915,0.9645131826400757,0.9351712465286255,0.2447417974472046,0.9817758798599243
30,0.8618993759155273,0.9665419459342957,0.9375938177108765,0.22985927760601044,0.9853172302246094,0.8695913553237915,0.9645131230354309,0.9361478090286255,0.24549028277397156,0.9816557168960571
31,0.8609656691551208,0.9663832187652588,0.9369462728500366,0.22960755228996277,0.9854208827018738,0.8705679178237915,0.9645131230354309,0.9361478090286255,0.24476848542690277,0.9815354943275452
32,0.8675019145011902,0.9669171571731567,0.9382414221763611,0.22785711288452148,0.9853799343109131,0.8705679178237915,0.9647084474563599,0.9381009340286255,0.24455013871192932,0.9817533493041992
33,0.8636965155601501,0.9668443202972412,0.9369463324546814,0.2270967662334442,0.9854795932769775,0.8686147928237915,0.9648061394691467,0.9351712465286255,0.24390281736850739,0.9817984104156494
34,0.8639640212059021,0.9665709733963013,0.9400712847709656,0.22766219079494476,0.9856368899345398,0.8676382303237915,0.9647085070610046,0.9351712465286255,0.24426200985908508,0.981558084487915
35,0.8655733466148376,0.9673709273338318,0.9418543577194214,0.22364090383052826,0.9862006306648254,0.8676382303237915,0.9645131826400757,0.9341946840286255,0.24444130063056946,0.9817307591438293
36,0.8675488233566284,0.9678456783294678,0.9424080848693848,0.22488483786582947,0.9857860803604126,0.8686147928237915,0.9648061990737915,0.9361478090286255,0.24431510269641876,0.9815580248832703
37,0.8681166172027588,0.9674586057662964,0.9401182532310486,0.22404594719409943,0.9858141541481018,0.8705679178237915,0.9655874371528625,0.9390774965286255,0.2447768598794937,0.9813627004623413
38,0.8670279383659363,0.9680094122886658,0.9411458373069763,0.22215303778648376,0.9864628911018372,0.8695913553237915,0.9650014638900757,0.9381009340286255,0.24404427409172058,0.981558084487915
39,0.8669013381004333,0.9672392010688782,0.9410191774368286,0.22323234379291534,0.9864473342895508,0.8695913553237915,0.9650990962982178,0.9381009340286255,0.24495355784893036,0.9815353751182556
40,0.8669481873512268,0.9678782224655151,0.9398508071899414,0.22158195078372955,0.9862257838249207,0.8695913553237915,0.9650014042854309,0.9371243715286255,0.24482063949108124,0.9815580248832703
41,0.8651182651519775,0.9679778218269348,0.9419341087341309,0.21822860836982727,0.9867644309997559,0.8695913553237915,0.9650991559028625,0.9390774965286255,0.24470797181129456,0.9817307591438293
42,0.8715888261795044,0.9687680602073669,0.9425957798957825,0.2182302474975586,0.9865038394927979,0.8695913553237915,0.9650991559028625,0.9410306215286255,0.24429436028003693,0.9817307591438293
43,0.8676098585128784,0.968434751033783,0.9417276978492737,0.21860994398593903,0.9866073727607727,0.8705679178237915,0.9650992155075073,0.9390774965286255,0.24338087439537048,0.9818734526634216
44,0.8707066774368286,0.9682051539421082,0.9425817131996155,0.21960945427417755,0.9864596724510193,0.8703425526618958,0.9652720093727112,0.9410306215286255,0.24332499504089355,0.9819260835647583
45,0.8667417764663696,0.9681882858276367,0.9406061768531799,0.21847964823246002,0.9867876768112183,0.8654597401618958,0.9648813009262085,0.9381009340286255,0.24407581984996796,0.981558084487915
46,0.8723301291465759,0.9684256911277771,0.9459272027015686,0.21675211191177368,0.9872204065322876,0.8676382303237915,0.9647085666656494,0.9361478090286255,0.24477656185626984,0.9816557168960571
47,0.8688579201698303,0.9684937596321106,0.9425817131996155,0.2166672646999359,0.9869588017463684,0.8686147928237915,0.9647085070610046,0.9371243715286255,0.24478374421596527,0.9814603924751282
48,0.8695523738861084,0.9690714478492737,0.9454063177108765,0.21478873491287231,0.9875267148017883,0.8683894276618958,0.9646859765052795,0.9351712465286255,0.24432812631130219,0.9818284511566162
49,0.8711148500442505,0.9691975712776184,0.9452327489852905,0.21454283595085144,0.9870939254760742,0.8664363026618958,0.9646860957145691,0.9361478090286255,0.24402442574501038,0.981753408908844
50,0.8753613233566284,0.9698890447616577,0.9450591206550598,0.21412165462970734,0.987375020980835,0.8683894276618958,0.9648813605308533,0.9361478090286255,0.24425074458122253,0.9817308187484741
51,0.8721096515655518,0.9694753885269165,0.9441112875938416,0.21275649964809418,0.9875835180282593,0.8674128651618958,0.9646859765052795,0.9351712465286255,0.244080051779747,0.9817308187484741
52,0.871842086315155,0.9700676798820496,0.9437969923019409,0.21331195533275604,0.9880000352859497,0.8683894276618958,0.9650766253471375,0.9371243715286255,0.24382905662059784,0.9818284511566162
53,0.8696321249008179,0.9693145751953125,0.9430226683616638,0.2137742042541504,0.9871334433555603,0.8674128651618958,0.9651743173599243,0.9351712465286255,0.24364256858825684,0.9819486737251282
54,0.8707066774368286,0.9694536924362183,0.9429289102554321,0.2119348645210266,0.9876781702041626,0.8674128651618958,0.9648812413215637,0.9351712465286255,0.24379761517047882,0.9820237159729004
55,0.8726773858070374,0.9696003198623657,0.9425488114356995,0.2136680781841278,0.9876056909561157,0.8664363026618958,0.9646860361099243,0.9341946840286255,0.24414107203483582,0.9821214079856873
56,0.8698198199272156,0.9695208072662354,0.9439846277236938,0.2113349735736847,0.9875466823577881,0.8674128651618958,0.9647836685180664,0.9322415590286255,0.24416550993919373,0.9821439385414124
57,0.8715089559555054,0.9700214862823486,0.9435434937477112,0.21170735359191895,0.9874918460845947,0.8644831776618958,0.9644681811332703,0.9332181215286255,0.24460335075855255,0.9820463061332703
58,0.8717623949050903,0.9699729681015015,0.945279598236084,0.21137329936027527,0.9879086017608643,0.8654597401618958,0.9647611379623413,0.9341946840286255,0.24486595392227173,0.9820237755775452
59,0.871936023235321,0.9702944159507751,0.9451060891151428,0.2098705768585205,0.9887074828147888,0.8644831776618958,0.9647611379623413,0.9341946840286255,0.24467776715755463,0.982241690158844
60,0.8694584965705872,0.9691869020462036,0.9440174698829651,0.21126216650009155,0.9876183271408081,0.8644831776618958,0.9646635055541992,0.9322415590286255,0.24445177614688873,0.982241690158844
61,0.8756147027015686,0.9701576232910156,0.9437969923019409,0.2085864096879959,0.98778235912323,0.8654597401618958,0.9647611379623413,0.9322415590286255,0.245026633143425,0.9820237755775452
62,0.8750938177108765,0.9705220460891724,0.9467952251434326,0.20908133685588837,0.9881866574287415,0.8654597401618958,0.9647611975669861,0.9322415590286255,0.24496106803417206,0.9818284511566162
63,0.874807596206665,0.9702074527740479,0.9438438415527344,0.210421621799469,0.9880725145339966,0.8664363026618958,0.9649564623832703,0.9341946840286255,0.24487929046154022,0.9817308187484741
64,0.8728181719779968,0.9704630374908447,0.9476633071899414,0.20871061086654663,0.9886135458946228,0.8654597401618958,0.9648588299751282,0.9351712465286255,0.24480222165584564,0.9820463061332703
65,0.8702796101570129,0.969389021396637,0.9434027671813965,0.21098226308822632,0.9876390099525452,0.8644831776618958,0.9647611975669861,0.9351712465286255,0.24461528658866882,0.9820463061332703
66,0.87305748462677,0.96985924243927,0.9459272027015686,0.21104036271572113,0.9882386326789856,0.8644831776618958,0.9647611379623413,0.9332181215286255,0.24473975598812103,0.9819486737251282
67,0.8770645260810852,0.9704650640487671,0.9458004236221313,0.20869871973991394,0.9879842400550842,0.8644831776618958,0.9647611379623413,0.9332181215286255,0.24473896622657776,0.9819486737251282
68,0.8763231635093689,0.9700796604156494,0.9452327489852905,0.2087710052728653,0.9883694052696228,0.8644831776618958,0.9648588299751282,0.9341946840286255,0.24490593373775482,0.9818510413169861
69,0.8715418577194214,0.9698827266693115,0.9462743997573853,0.20896576344966888,0.9883394837379456,0.8644831776618958,0.9647611379623413,0.9341946840286255,0.2450278401374817,0.9819486737251282
70,0.875014066696167,0.9705519676208496,0.9462743997573853,0.2087227702140808,0.9876542687416077,0.8644831776618958,0.9648588299751282,0.9351712465286255,0.24496391415596008,0.9819260835647583
71,0.8743665814399719,0.9706653356552124,0.9485313296318054,0.20732344686985016,0.9884058833122253,0.8644831776618958,0.9647611379623413,0.9351712465286255,0.24505338072776794,0.9821439981460571
72,0.8765296936035156,0.9708266258239746,0.9488785862922668,0.2078801989555359,0.9885163903236389,0.8644831776618958,0.9648588299751282,0.9351712465286255,0.24508872628211975,0.9819486737251282
73,0.8725506067276001,0.9704870581626892,0.9467952251434326,0.20876149833202362,0.9881311058998108,0.8644831776618958,0.9648588299751282,0.9351712465286255,0.24502716958522797,0.9819486737251282
74,0.8754410743713379,0.9701496362686157,0.9444913864135742,0.21114514768123627,0.9881168007850647,0.8654597401618958,0.9648588299751282,0.9351712465286255,0.24498765170574188,0.9819486737251282
75,0.87409907579422,0.9707003831863403,0.9458004236221313,0.20780019462108612,0.9887593388557434,0.8654597401618958,0.9648588299751282,0.9351712465286255,0.24494712054729462,0.9820463061332703
76,0.8728041052818298,0.969653844833374,0.9454532265663147,0.20899319648742676,0.9878708124160767,0.8654597401618958,0.9648588299751282,0.9341946840286255,0.24486277997493744,0.9818510413169861
77,0.8765296339988708,0.970410168170929,0.9441441893577576,0.20943184196949005,0.9884294867515564,0.8654597401618958,0.9648588299751282,0.9332181215286255,0.24489369988441467,0.9819486737251282
78,0.8732592463493347,0.9699860215187073,0.9452797174453735,0.20850032567977905,0.98801589012146,0.8654597401618958,0.9648588299751282,0.9341946840286255,0.24491016566753387,0.9819486737251282
79,0.8753143548965454,0.9704300165176392,0.9461477398872375,0.20888987183570862,0.9879716038703918,0.8654597401618958,0.9648588299751282,0.9341946840286255,0.24495047330856323,0.9819486737251282
